id;content;date;ranking;user_id;post_id
1;magnetic synthesize models;2020-03-11T07:29:48;82435;2;1
2;Lodge methodologies;2020-03-11T13:07:31;6538;2;2
3;Niger incubate Forward;2020-03-11T15:07:50;20107;1;3
4;overriding;2020-03-11T22:35:26;46216;2;4
5;Computer;2020-03-11T05:50:50;77664;1;5
6;Tools;2020-03-11T18:56:22;52787;1;6
7;Central Small;2020-03-11T13:14:51;33032;1;7
8;South Africa;2020-03-11T17:06:31;25024;2;8
9;scalable Avon Dominican Republic;2020-03-11T23:54:00;23990;2;9
10;convergence;2020-03-12T00:52:04;91714;2;10
